UNIDADE,CRITERIO,ALINEA,OPORTUNIDADE DE MELHORIA,INSTRUMENTO,O QUE,COMO
UGGOV,Governança,f) 01 - A alta direção promove a edição ou atualização da Carta de Serviços ao Cidadão.,Instituir PMP - padrão de mapeamento de processo para operacionalização e atualização sistematizada da Carta de Serviços ,IMGG - GOV BR,Mapear o processo de Carta de Serviço.,"IMGG: Preenchendo o PMP de acordo com as regras negociais do Escritório de processos. Consultando e elaborando em conjunto com a ouvidoria da MTI e com a Diretoria de Relacionamento com Cliente. Validando junto ao Diretor Presidente para aprovação e institucionalização

Complemento: - Identificando os atores envolvidos.
- Elaborando proposta de processo mapeado.
- Validar processo.
- Publicar processo.
- Revisar portaria 24/2021"
UGGOV,Estratégias e Planos,a) 02 - As estratégias ou as metas são divulgadas.,Sistematizar o envio semestral dos resultados do Plano Estratégico para todos os colaboradores,IMGG - GOV BR,Padronizar a disseminação semestral dos resultados da estratégia para todos os colaboradores.,"IMGG: Elaborando relatório-resumo de acordo com os resultados obtidos via controle do sistema de indicadores. Após isso, publicar na intranet, elaborar mensagem e enviar para todos os colaboradores da MTI.

Complemento:
- Elaborando proposta de documento (apresentação, pdf, planilha) em linguagem simples, com as informações a serem disseminadas.
- Programando o  envio a todos da MTI junto à ASSCOM"
UGGOV,Estratégias e Planos,c) 02 - Os planos de ação para as prioridades ou estratégias estabelecidas são divulgados.,Disponibilizar na intranet: Planos das iniciativas estratégicas. ,IMGG - GOV BR,Fazer a publicação na intranet dos planos das iniciativas estratégicas para acesso de todos os colaboradores,"A partir das informações disponíveis das iniciativas estratégicas, providenciar a demonstração através de arquivo digital e publicando-o na INTRANET. Havendo alterações nos planos, estes serão mantidos atualizados mensalmente na INTRANET. Os resultados também serão atualizados trimestralmente"
UGGOV,Processos,d) 01 - Os principais processos finalísticos são monitorados.,Aprimorar o monitoramento dos processos críticos da área finalística da MTI ,IMGG - GOV BR,Monitoramento dos processos dtic,"Com base na metodologia de melhoria de processos e das boas práticas de gestão consignadas em gestão de processos, proceder análise quanto aos processos instituídos e sua execução e resultados. A análise será coordenada pela equipe da UGGOV com a participação das partes diretamente envolvidas em cada processo."
UGGOV,Valor Público,"a) 01 - Os indicadores de desempenho para medir os resultados relativos às estratégias ou às prioridades estabelecidas estão definidos.
","Implantar novo indicador na uggov ""Índice de cumprimento do Plano Estratégico",IMGG - GOV BR,Considerar o indicador sugerido pelo modelo IMGG e adotá-lo para 2025,Incluindo no rol de indicadores operacionais da UGGOV para o ano de 2025. Analisando a métrica a ser utilizada e meta junto ao Diretor-Presidente. O controle ocorrerá conforme o monitoramento mensal sistematizado para a gestão de indicadores na MTI
UGGOV,Liderança,b) há procedimentos definidos para transmissão de informação e conhecimento no momento da sucessão de membros da alta administração.,Elaborar PMP para sucessão de membros da alta administração,iESGo - TCU,Elaborar uma proposta de mapeamento de processo para a transmissão de informações e conhecimento nas sucessões dos membros da alta administração.,"- Elaborando proposta de PMP com as informações do mapeamento e a modelagem do processo.
- Levar para validação e aprovação da presidência."
UGGOV,Estratégia,b) há indicadores de efetividade para a estratégia;,Criar indicadores de efetividade da estratégia.,iESGo - TCU,Criar indicador para monitorar o cumprimento do Plano Estratégico.,"- Elaborar proposta de indicador para monitoramento do PE.
- Validar junto a DIREX.
- Monitorar indicador."
UGPRO,Gestão de Tecnologia da Informação e da Segurança da Informação,"b) escopo, custos, uso de recursos e cumprimento de prazos são gerenciados em cada projeto.",Adotar o gerenciamento de custos,iESGo - TCU,Implementação/ Parametrização da funcionalidade Períodos Fiscais no ServiceNow.,"1. Alinhar com o Time VA (Parceira ServiceNow) a melhor prática na parametrização e implementação da funcionalidade de Períodos Fiscais, considerando o modelo de negócio da MTI; 2. Reunir com as áreas chaves da DTIC no alinhamento e repasse das informações, por meio de capacitações e disponibilização de material orientativo.; 3. Aplicar em um projeto piloto e acompanhar a evolução da funcionalidade.; 4. Implementação em escala no ServiceNow.
"
OUVIDORIA,Estratégia,"e) o conteúdo mínimo exigido por atos normativos é publicado em formato aberto (possibilita a gravação de relatórios em formatos eletrônicos, abertos e não proprietários).",Aperfeiçoar o Plano de Dados Abertos,iESGo - TCU,"Revisar a aprimorar o Plano de Dados Abertos, levantando novas bases necessárias para abertura e publicando nova versão","- Capacitação e atualização no tema 
- levantamento das bases de dados publicáveis em formato aberto
- elaboração de nova versão do plano
- validação e publicação do Plano
- Implementação do Plano
- Monitoramento do Plano

 "
OUVIDORIA,Estratégia,"c) nos extratos de planos de responsabilidade da organização, são publicados indicadores de desempenho (que permitam medir eficácia e efetividade) associados a cada um dos objetivos.",Fazer publicação dos indicadores dentro do Relatório Anual de Ouvidoria (PDA),iESGo - TCU,Aprimorar modelo do Relatório quadrimestral e Anual de Ouvidoria a fim de incluir os indicadores de desempenho da Ouvidoria,"- Novo modelo instituído
- Indicadores monitorados
- Indicadores incluídos nos relatórios"
OUVIDORIA,Estratégia,"h) todos os extratos de planos de responsabilidade da organização e respectivos relatórios de acompanhamento estão publicados na internet (por ex.: no Portal Brasileiro de Dados Abertos), excepcionados os casos de sigilo amparados pela legislação.",Monitorar os planos,iESGo - TCU,Contemplada na OM linha 6,Contemplada na OM linha 6
OUVIDORIA,Gestão de Tecnologia da Informação e da Segurança da Informação,"e) informações críticas para a organização em razão de necessidades do negócio (p. ex.: requisitos associados à integridade, disponibilidade, autenticidade ou a outros atributos da informação) são identificadas e rotuladas, com vistas a viabilizar adequado tratamento e proteção.",Classificar informação com base no inventário,iESGo - TCU,Criação de um regulamento de sigilo incluindo a classificação das informações identificadas como sigilosas,"- Criação de um Regulamento de Sigilo Estratégico e Comercial
- Levantamento de informações consideradas sigilosas
- Classificação das informações identificadas como sigilosas"
UNICRS,Governança," 01 - A alta direção assegura a realização periódica de cópia de segurança (backups), senhas de acesso, entre outras práticas de segurança dos sistemas de informação.",Revisar Política de Segurança da Informação,IMGG - GOV BR,Revisão e publicação da Política de Segurança da Informação,"Analisando a política atual, avaliando outros exemplares de políticas em setores da TI. Avaliando as orientações já instituídas em legislações bem como em boas práticas de gestão pertinentes ao tema. A elaboração será feita em conjunto com o Comitê de Adequação à LGPD da MTI, será validada pelo Comitê de Segurança da Informação e, após aprovação por este fórum, será submetida para análise e aprovação da Diretoria Executiva."
UNICRS,Governança,02 - A alta direção promove o comportamento ético em relação aos compromissos assumidos.,Elaborar código de conduta para fornecedores e parceiros,IMGG - GOV BR,Elaborar código de conduta para fornecedores e parceiros comerciais,"Através de pesquisas de melhores práticas do mercado; elaboração de minuta; apresentação da minuta à Comissão de Conduta e Integridade para análise, sugestões e validação; validação do Presidente e aprovação do Conselho de Administração da MTI"
UNICRS,Estratégia,d) o processo de gestão de riscos está formalizado.,Atualizar manual e regulamento e aprovar no órgão competente,iESGo - TCU,"Atualizar o manual e o regulamento de gerenciamento de riscos corporativos, e aprovar da DIREX","- Análise do documento existente;
- Estudo da ISO 31000 atualizada;
- Pesquisa de melhores práticas no mercado atual;
- Elaboração da minuta dos documentos; 
- Submeter as minutas ao CSIR, para análise, contribuições e validação;
- Submeter os documentos para aprovação da DIREX."
UNICRS,Estratégia,"d) há procedimentos administrativos padronizados para apuração e tratamento de atos lesivos cometidos por pessoas jurídicas contra a organização (p. ex.: detalhamento de ações para realização de processo administrativo de responsabilização, de acordos de leniência, procedimentos baseados nas diretrizes da Lei 12.846/2013).",Elaborar código de conduta e integridade para fornecedores e parceiros comerciais,iESGo - TCU,Elaborar código de conduta para fornecedores e parceiros comerciais,"Através de pesquisas de melhores práticas do mercado; elaboração de minuta; apresentação da minuta à Comissão de Conduta e Integridade para análise, sugestões e validação; validação do Presidente e aprovação do Conselho de Administração da MTI"
UNICRS,Estratégia,a) há política de gestão de continuidade do negócio (PGCN) aprovada pela alta administração.,Elaborar o PGCN,iESGo - TCU,Elaborar e publicar a PCN,"- Análise do documento existente, elaborado em 2023;
- Estudo da ISO 22301;
- Elaboração da minuta;
- Submeter a minuta ao CSIR para análise, contribuição e validação; 
- Submeter os documentos para aprovação em DIREX."
UNICRS,Gestão de Tecnologia da Informação e da Segurança da Informação,b) a política (ou norma interna complementar) contempla diretrizes sobre gestão de riscos de segurança da informação.,Revisar a Política de Segurança da Informação,iESGo - TCU,Revisão e publicação da Política de Segurança da Informação,"Analisando a política atual, avaliando outros exemplares de políticas em setores da TI. Avaliando as orientações já instituídas em legislações bem como em boas práticas de gestão pertinentes ao tema. A elaboração será feita em conjunto com o Comitê de Adequação à LGPD da MTI, será validada pelo Comitê de Segurança da Informação e, após aprovação por este fórum, será submetida para análise e aprovação da Diretoria Executiva."
UNICRS,Gestão de Tecnologia da Informação e da Segurança da Informação,"d) o gestor institucional de segurança da informação detém as prerrogativas e os recursos necessários para o desempenho de todas as suas competências (nível hierárquico adequado, pessoal suficiente alocado etc.).",Estabelecer os limites de atuação no processo de segurança da informação,iESGo - TCU,Revisar  o PMP - Gestão dos Instrumentos Normativos da Segurança da Informação,"- Revisando o  PMP; 
 -Aprovando na presidência e publicar na intranet"
UNICRS,Gestão de Tecnologia da Informação e da Segurança da Informação,"d) o gestor institucional de segurança da informação detém as prerrogativas e os recursos necessários para o desempenho de todas as suas competências (nível hierárquico adequado, pessoal suficiente alocado etc.).",Definir os recursos necessários para atuação no processo de segurança da informação,iESGo - TCU,"A partir do PMP elaborado, definir as necessidades da unidade com recursos financeiros e de pessoal","- Alinhamento na Presidências das atribuições da unidade;
- Verificação da necessidade de pessoal técnico na área."
UNICRS,Gestão de Tecnologia da Informação e da Segurança da Informação,"f) a organização instituiu uma Política de Controle de Acesso (PCA), a qual estabelece princípios, objetivos, diretrizes, principais atividades e responsabilidades relativos ao processo de controle de acesso.",Revisar o Regulamento de Acesso à Informação e aos Recursos Informacionais,iESGo - TCU,Revisão e publicação da Política de Segurança da Informação,"Analisando a política atual, avaliando outros exemplares de políticas em setores da TI. Avaliando as orientações já instituídas em legislações bem como em boas práticas de gestão pertinentes ao tema. A elaboração será feita em conjunto com o Comitê de Adequação à LGPD da MTI, será validada pelo Comitê de Segurança da Informação e, após aprovação por este fórum, será submetida para análise e aprovação da Diretoria Executiva."
DTIC,Gestão de Tecnologia da Informação e da Segurança da Informação,"a) a organização estabeleceu critérios para orientar a aprovação de mudanças, inclusive quanto ao tratamento de casos de exceção (mudanças emergenciais).",Estabelecer critérios para orientar a aprovação de mudança,iESGo - TCU,Gestão de Mudanças de TI,Criando o Processo de Gestão de Mudanças de TI
DTIC,Gestão de Tecnologia da Informação e da Segurança da Informação,b) mudanças são previamente comunicadas a todas as partes que possam ser afetadas.,Melhorar a comunicação para as partes envolvidas referente a mudanças,iESGo - TCU,Gestão de Mudanças de TI,Criando o Processo de Gestão de Mudanças de TI
DTIC,Gestão de Tecnologia da Informação e da Segurança da Informação,"c) identificam-se os serviços e ativos de TI que possam ser afetados pela mudança, de modo a avaliar impactos em níveis de serviços acordados.",Definir matriz de rastreabilidade,iESGo - TCU,Gestão de Mudanças de TI,Criando o Processo de Gestão de Mudanças de TI
DTIC,Gestão de Tecnologia da Informação e da Segurança da Informação,d) a realização de cada mudança é precedida de planejamento e testes.,Melhorar a realização de testes antes da mudança,iESGo - TCU,Gestão de Mudanças de TI,Criando o Processo de Gestão de Mudanças de TI
DTIC,Gestão de Tecnologia da Informação e da Segurança da Informação,"e) mudanças executadas são rastreáveis e monitoradas, com vistas à avaliação de sua efetividade e para permitir ações corretivas, no caso de ocorrência de efeitos não identificados nas fases de planejamento e testes.",Mapear e Implantar o processo de Gestão de Mudança,iESGo - TCU,Gestão de Mudança de TI,Criando o Processo de Gestão de Mudanças de TI
DTIC,Gestão de Tecnologia da Informação e da Segurança da Informação,"f) o processo de gestão de mudanças está formalizado (a organização instituiu norma interna, guia ou instrumento similar com orientações quanto à execução do processo e definição de responsabilidades).",Formalizar o processo de gestão de mudança ,iESGo - TCU,Gestão de Mudança de TI,Criando o Processo de Gestão de Mudanças de TI
DTIC,Gestão de Tecnologia da Informação e da Segurança da Informação,a) a organização mantém uma base de dados consolidada e atualizada com as configurações dos serviços e ativos de TI e o relacionamento entre eles.,Melhorar inventário de TI e promover transparência,iESGo - TCU,Gestão de Ativos de TI,Criando o Processo de Gestão de Mudanças de TI
DTIC,Gestão de Tecnologia da Informação e da Segurança da Informação,"c) o processo de gestão de configuração e ativos está formalizado (a organização instituiu norma interna, guia ou instrumento similar com orientações quanto à execução do processo e definição de responsabilidades).",Definir e formalizar o processo de gestão de configuração e ativos,iESGo - TCU,Gestão de Ativos de TI,Criando o Processo de Gestão de Mudanças de TI
DTIC,Gestão de Tecnologia da Informação e da Segurança da Informação,"e) a organização definiu procedimentos e responsabilidades quanto à notificação e ao tratamento das notificações de incidentes de segurança da informação, bem como quanto à adoção de ações emergenciais, diretrizes para escalamento e comunicação interna e externa.",Ampliar a cobertura do sobreaviso e prestação de serviço de N3,iESGo - TCU,Gestão de Incidentes,PDCA do Processo de Gestão de Incidentes
DTIC,Gestão de Tecnologia da Informação e da Segurança da Informação,"e) a organização analisa criticamente, a intervalos regulares, os direitos de acesso lógicos e físicos existentes, com vistas à remoção de direitos que deixaram de ser necessários e para assegurar que privilégios indevidos não foram obtidos.",Identificar quais as ferramentas necessitam de auditoria de controle de acesso,iESGo - TCU,Implantação da LGPDNOW,Realizando uma auditoria abrangente das ferramentas utilizadas com o LGPDNOW
DTIC,Gestão de Tecnologia da Informação e da Segurança da Informação,"a) o processo de software utilizado pela organização promove a participação de representante da área de negócio como integrante da equipe de desenvolvimento ou aquisição de software, desde sua concepção até a aceitação final.",Ampliar a capacitação para PO,iESGo - TCU,Gestão do Fluxo de Desenvolvimento de Soluções Digitais, Oferecendo capacitações específicas para os Product Owners.
DTIC,Gestão de Tecnologia da Informação e da Segurança da Informação,"f)(Novo) a organização definiu procedimentos e responsabilidades quanto à análise dos incidentes, identificação de causas raízes e planejamento e implementação de ações corretivas.",Fazer análise crítica dos incidentes,iESGo - TCU,Gestão de Incidentes,Monitorando os incidentes conforme processo de gestão de incidentes
DTIC,Gestão de Tecnologia da Informação e da Segurança da Informação,a) a organização elabora um plano de continuidade de serviços de TI.,Ajustar PCN (serviços de TI),iESGo - TCU,Plano de Continuidade de Negócios (nível operacional),
DTIC,Gestão de Tecnologia da Informação e da Segurança da Informação,c) é realizada a gestão de riscos de cada um dos projetos de alta materialidade ou alta relevância.,Ampliar e melhorar a gestão de riscos em todos os projetos,iESGo - TCU,Incorporar a Gestão de Riscos na rotina e na gestão de projetos,Fazendo boa gestão de projetos e produtos e promovendo o constante monitoramento e implementando melhorias
DTIC,Gestão de Tecnologia da Informação e da Segurança da Informação,c) é realizada a gestão de riscos de cada um dos projetos de alta materialidade ou alta relevância.,Ampliar e melhorar a gestão de riscos em todos os projetos,iESGo - TCU,Incorporar a Gestão de Riscos na rotina e na gestão de projetos,Fazendo boa gestão de projetos e produtos e promovendo o constante monitoramento e implementando melhorias
DTIC,Gestão de Tecnologia da Informação e da Segurança da Informação,c) é realizada a gestão de riscos de cada um dos projetos de alta materialidade ou alta relevância.,Ampliar e melhorar a gestão de riscos em todos os projetos,iESGo - TCU,Incorporar a Gestão de Riscos na rotina e na gestão de projetos,Fazendo boa gestão de projetos e produtos e promovendo o constante monitoramento e implementando melhorias
DTIC,Gestão de Tecnologia da Informação e da Segurança da Informação,c) é realizada a gestão de riscos de cada um dos projetos de alta materialidade ou alta relevância.,Ampliar e melhorar a gestão de riscos em todos os projetos,iESGo - TCU,Incorporar a Gestão de Riscos na rotina e na gestão de projetos,Fazendo boa gestão de projetos e produtos e promovendo o constante monitoramento e implementando melhorias
DTIC,Gestão de Tecnologia da Informação e da Segurança da Informação,c) é realizada a gestão de riscos de cada um dos projetos de alta materialidade ou alta relevância.,Ampliar e melhorar a gestão de riscos em todos os projetos,iESGo - TCU,Incorporar a Gestão de Riscos na rotina e na gestão de projetos,Fazendo boa gestão de projetos e produtos e promovendo o constante monitoramento e implementando melhorias
DTIC,Gestão de Tecnologia da Informação e da Segurança da Informação,c) é realizada a gestão de riscos de cada um dos projetos de alta materialidade ou alta relevância.,Ampliar e melhorar a gestão de riscos em todos os projetos,iESGo - TCU,Incorporar a Gestão de Riscos na rotina e na gestão de projetos,Fazendo boa gestão de projetos e produtos e promovendo o constante monitoramento e implementando melhorias
UGSTI,Gestão de Tecnologia da Informação e da Segurança da Informação,b) a resolução de incidentes considera os níveis de serviços especificados em acordos com as áreas clientes.,Dar visibilidade do SLA ,iESGo - TCU,Gestão de Incidentes ,Ampla divulgação com as equipes responsáveis e acompanhamento do SLA diariamente.
UGSTI,Gestão de Tecnologia da Informação e da Segurança da Informação,b) a resolução de incidentes considera os níveis de serviços especificados em acordos com as áreas clientes.,Revisar e formalizar os SLA,iESGo - TCU,Gestão de Incidentes ,"Análise do desempenho atual, Agendas entre as Unidades, feedback com a equipe."
UGSTI,Gestão de Tecnologia da Informação e da Segurança da Informação,"c) há base(s) de conhecimento que registra(m) erros conhecidos e problemas, de modo a tornar eficiente e efetiva a resolução de incidentes.",Formalizar a base de conhecimento sobre erros no servicenow,iESGo - TCU,Gestão de Problemas,Ampla divulgação com as equipes responsáveis e acompanhamento do SLA diariamente.
UGITI,Gestão de Tecnologia da Informação e da Segurança da Informação,"f) a organização implementa cópias regulares de segurança (backup) das informações em meio digital, conforme as melhores práticas e as necessidades de negócio, incluindo a realização periódica de testes de recuperação das informações.",Estabelecer prática periódica de recuperação de backup,iESGo - TCU,,
UGGDC,Gestão de Tecnologia da Informação e da Segurança da Informação,"a) a organização mantém um inventário dos ativos associados à informação e identifica as informações críticas que os ativos armazenam, processam ou transmitem.","Descobrir, classificar e inventariar ativos de informação",iESGo - TCU,"Estruturar processo contínuo para identificar, avaliar, priorizar e mitigar as vulnerabilidades em sistemas de computadores, redes, aplicativos e outros ativos de tecnologia da informação.","Identificar Vulnerabilidades por meio das ferramentas ou recepcionar vulnerabilidades indentificadas e reportadas por terceiros , avaliando/mitigando os risco que representam e priorizando cada uma delas.
"
UGGDC,Gestão de Tecnologia da Informação e da Segurança da Informação,"b) a organização implementa controles de acesso físicos e lógicos à informação e aos ativos associados à informação que são por ela gerenciados ou custodiados, com vistas a proteger adequadamente a confidencialidade das informações não públicas e a integridade e a disponibilidade das informações consideradas críticas para o negócio.",Aperfeiçoar os mecanismos de controle de acesso lógicos aos dados,iESGo - TCU,Implantar em todos os ativos o controle de acesso lógico dos dados através de ferramenta adequirida,Levantar todos os Ativos e implementar os controles de acesso lógico aos dados
UGGDC,Gestão de Tecnologia da Informação e da Segurança da Informação,"c) os controles de acesso implementados na organização aplicam o princípio ‘necessidade de conhecer’, o qual prescreve que deve haver necessidade legítima que justifique o acesso à informação por pessoa, sistema ou entidade, bem como o princípio ‘privilégio mínimo’, o qual estabelece que o perfil de acesso concedido deve incluir tão somente os poderes necessários para o atendimento das legítimas necessidades.",Aperfeiçoar os mecanismos de controle de acesso de gerenciamento de identidade,iESGo - TCU,Implantar em todos os ativos o controle de acesso através de ferramenta de gerenciamento de identidade adequirida,"Levantar todas as pessoas, sistemas, bancos de dados Ativos para  implementar os controles de acesso minimo"
UGGDC,Gestão de Tecnologia da Informação e da Segurança da Informação,"e) a organização analisa criticamente, a intervalos regulares, os direitos de acesso lógicos e físicos existentes, com vistas à remoção de direitos que deixaram de ser necessários e para assegurar que privilégios indevidos não foram obtidos.",Identificar a necessidade de controle de acessos automatizados,iESGo - TCU,Implementar um processo de integração automatizado para bloquear todos os acessos do colaborador no momento de seu desligamento. ,"Integrar soluções da gestão do RH com as ferrementas que são acessadas pelo colaborador ex: AD-Active Directory, Gmail, CyberArk e outros exitentes"
UGGDC,Gestão de Tecnologia da Informação e da Segurança da Informação,"b)(NOVA) a organização informa em seu sítio eletrônico as hipóteses em que, no exercício de suas competências, realiza o tratamento de dados pessoais, bem como fornece informações claras e atualizadas sobre a previsão legal, a finalidade, os procedimentos e as práticas de tratamento que utiliza.",Aperfeiçoar os processos da MTI à LGPD,iESGo - TCU,"Disponibilizar o portal LGPD para todos os colaboradoes, terceiros, temporarios  e fornecedores da MTI","Publicizando todas informações, politicas, normas e regulamentos atualiazados no Portal de LGPD da MTI"
UGGDC,Gestão de Tecnologia da Informação e da Segurança da Informação,g) a organização executa regularmente testes de segurança em seu ambiente de TI (detecção de vulnerabilidades e testes de penetração).,Prever os testes no Processo de Segurança,iESGo - TCU,"Estabelecer o processo sistemático e controlado que visa identificar e avaliar vulnerabilidades, ameaças e riscos em sistemas, redes, aplicativos e infraestrutura de TI","Simulação de ataques;
Análise de políticas de segurança; 
Revisão de códigos-fonte;
Testes de penetração."
UGGDC,Gestão de Tecnologia da Informação e da Segurança da Informação,"d) a organização mantém, monitora e analisa logs de auditoria dos ativos de software, de hardware e de rede críticos para o negócio.",Estabelecer o processo de observabilidade de Logs,iESGo - TCU,Disponibilizar Plataforma de observabilidade e monitoramento dos ativos de TIC,Implantação da Plataforma de Observabilidade
UGARQ,Gestão de Tecnologia da Informação e da Segurança da Informação,"c) o processo de software da organização promove desde a concepção a identificação de requisitos de acessibilidade e de usabilidade, bem como a gestão permanente desses requisitos durante todo o ciclo de vida do software.",Evoluir o processo de software para fortalecer a identificação dos requisitos de acessibilidade e a usabilidade,iESGo - TCU,Criar template com a utilização do lighthouse para análise automática de acessibilidade das páginas no processo de integração contínua pelo gitlab,Implantação na esteira de desenvolvimento
UGARQ,Gestão de Tecnologia da Informação e da Segurança da Informação,"c) o processo de software da organização promove desde a concepção a identificação de requisitos de acessibilidade e de usabilidade, bem como a gestão permanente desses requisitos durante todo o ciclo de vida do software.",Evoluir o processo de software para fortalecer a identificação dos requisitos de acessibilidade e a usabilidade,iESGo - TCU,"Criar template com implantação do playwright para teste fim a fim, para garantir que a página funiona como planejado (Implantar no template de frontend - React)",Implantação na esteira de desenvolvimento
UGARQ,Gestão de Tecnologia da Informação e da Segurança da Informação,"c) o processo de software da organização promove desde a concepção a identificação de requisitos de acessibilidade e de usabilidade, bem como a gestão permanente desses requisitos durante todo o ciclo de vida do software.",Evoluir o processo de software para fortalecer a identificação dos requisitos de acessibilidade e a usabilidade,iESGo - TCU,Ampliar o uso do Sentry para monitoramento das aplicações,Implantação do código fonte das aplicações
UGARQ,Gestão de Tecnologia da Informação e da Segurança da Informação,"c) o processo de software da organização promove desde a concepção a identificação de requisitos de acessibilidade e de usabilidade, bem como a gestão permanente desses requisitos durante todo o ciclo de vida do software.",Evoluir o processo de software para fortalecer a identificação dos requisitos de acessibilidade e a usabilidade,iESGo - TCU,Ampliar o uso do sonarqube para análise automática da qualidade dos códigos fonte,Implantação na esteira de desenvolvimento
UGVEN,Gestão de Tecnologia da Informação e da Segurança da Informação,d) são formalizados ANS contendo metas de nível de serviço acordadas com representantes das áreas de negócio clientes.,Disponibilizar as informações de ANS mensalmente aos clientes junto com faturamento no Infocenter,iESGo - TCU,"Dispnibilizar relatório do ANS contratado ao cliente, mensalmente","Através de Relatórios de ANS, disponiblilizados mensalmente aos clientes"
UGENP,Gestão de Tecnologia da Informação e da Segurança da Informação,"d) a organização assegura os seus direitos autorais, de propriedade e de uso relativamente ao software que desenvolve por meio de contratação.",Buscar auxílio para promover o registro da propriedade de software,iESGo - TCU,Propriedade de Software,"Celebração de Termo de Cooperação com a UNEMAT/AGINOVA para estudo, levantamento, consultoria e registro de propriedade de software, dos produtos oriundos das Parcerias Estratégicas da MTI"
UGOFF,Gestão Orçamentária,f) os recursos para desdobramento da estratégia da organização são aplicados conforme o orçamento disponibilizado.,Participar efetivamente na elaboração do PTA desde o início - Antes da definição do teto orçamentário,iESGo - TCU,"Alinhar com a Gerência de Unidade de Gestão de Apoio a Governança, responsável por aplicar a metologia de elaboração dos Programa de Trabalho Anual - PTA na MTI, o acompanhamento do processo.","Reuniões com a Diretoria, juntamente com a Unidade responsável pelo Planejamento (UGGOV). Acompanhamento e sugestões quanto as validações dos naturezas de despesas."
UGPES,Capital Intelectual,"02 - Os conhecimentos externos (referenciais comparativos da Administração Pública ou privada, mercado) são registrados e divulgados.",Implantar Diretrizes para Educação e Troca de Experiências no Âmbito da MTI,IMGG - GOV BR,Disseminação de Conhecimento ,"
Cada multiplicador será responsável por organizar uma atividade ou evento de multiplicação de conhecimento;
Os multiplicadores poderão escolher a metodologia de ensino que considerem mais adequada para a transmissão do conhecimento adquirido;
Os multiplicadores deverão adaptar a linguagem e o conteúdo programático, elaborando cronogramas e materiais de apoio como textos, apostilas, apresentações de slides e vídeos ou até mesmo indicar bibliografia, a fim de proporcionar melhor compreensão e aplicação do conteúdo para os participantes.
Os multiplicadores deverão incluir a atividade a ser realizada no plano de capacitação anual da MTI.
"
UGPES,Capital Intelectual,01 - As equipes são dimensionadas de forma a atender as demandas de trabalho.,Estabelecer o processo de Dimenssionamento da Força de Trabalho,IMGG - GOV BR,Estabeler o Processo de Dimensionamento da Força de Trabalho na MTI,"1 - Elaborar documentação para contratação de serviços de consultoria
2 - Elementos essenciais que deverão constar no processo do dimensionamento da força de trabalho
Coleta de Dados
Análise de Dados
Definição de Métricas
Modelagem de Cenários
Consultas e Validações
Implentação Gradual

Etapas para Estabelecer o Processo de Dimensionamento da Força de Trabalho
1. Planejamento e Definição do Objetivo
Definir o objetivo do dimensionamento (exemplo: otimizar a alocação de pessoal, identificar lacunas de competências, melhorar eficiência operacional).
Determinar os critérios e indicadores que serão utilizados (exemplo: produtividade, carga de trabalho, necessidades futuras da empresa).
Garantir a inclusão da verba necessária no PTA 2025 para viabilizar a contratação de consultoria especializada, se necessário.

2. Levantamento e Diagnóstico da Situação Atual
Realizar um mapeamento completo da força de trabalho atual, considerando:
Número de colaboradores por função, setor e nível hierárquico.
Distribuição da carga de trabalho e suas variações sazonais.
Processos e atividades desempenhadas por cada equipe.
Levantar dados sobre produtividade, horas trabalhadas, horas extras e demandas não atendidas.
Identificar gargalos, sobrecargas e subutilização de recursos.

3. Pesquisa de Métodos e Ferramentas de Dimensionamento
Definir a metodologia mais adequada para a MTI (exemplo: análise quantitativa e qualitativa, benchmarking com outras empresas públicas de TI, uso de algoritmos preditivos).
Avaliar a possibilidade de utilizar ferramentas tecnológicas para a coleta e análise de dados.

4. Análise de Cenários e Projeções
Projetar diferentes cenários futuros baseados no crescimento da MTI, projetos estratégicos e novas demandas do governo estadual.
Simular impactos de mudanças estruturais, como novas contratações, reestruturação de equipes ou adoção de novas tecnologias.

5. Elaboração do Relatório e Parecer Técnico
Consolidar os dados coletados e análises em um relatório técnico.
Apresentar recomendações para ajustes no quadro de pessoal (contratações, redistribuição de funções, capacitações).
Validar o documento com a Diretoria da MTI e demais áreas estratégicas.

6. Aprovação e Implementação do Plano de Ação
Submeter o estudo para aprovação da alta gestão.
Estabelecer um plano de implementação com prazos, responsáveis e indicadores de monitoramento.
Realizar reuniões de alinhamento com as áreas impactadas para garantir a execução das recomendações."
UGPES,Capital Intelectual,01 - O desempenho das pessoas é avaliado de forma a estimular o alcance das prioridades estabelecidas ou das estratégias.,Revisar o Regulamento de Avaliação de Desempenho,IMGG - GOV BR,Revisar do Regulamento de Avaliação de Desempenho da MTI,"
1 - Elaborar documentação para contratação de serviços de consultoria
2 - Elementos essenciais que deverão constar no processo de Revisão do Regulamento de Avaliação de Desempenho
Análise da Estratègia Organizacional
Definição dos Critérios de Avaliação
Consultas e Feedback
Desenvolvimento de Novos formatos
Comunicação e Treinamento
Implementação e Monitoramento

"
UGPES,Capital Intelectual,01 - Os novos conhecimentos adquiridos subsidiam o aprimoramento dos sistemas de trabalho.,Aprimorar processo de monitoramento sobre as capacitações/treinamentos e os impactos aos sistemas de trabalho ,IMGG - GOV BR,Disseminação de Conhecimento ,"A seguir estão os passos detalhados para aprimorar o processo de monitoramento das capacitações e treinamentos e seus impactos nos sistemas de trabalho na MTI:

A -Definir objetivos Claros para as Capcitações e Treinamentos, indentificando as necessidade e Metas e KPIs

B - Desenvolver um sistema de monitoramento eficaz como: 
1) Plantaforma de Gestão de Treinamentos
2) Acompanhamento de Presença e Conclusão

C) Avalar o Impacto dos Treinamentos 
1) Avaliações Pós-Treinamentos
2) Aplicação Prática
3) Feedback Continuo

D) Medir o Desempenho e os Resultados
1) Análise de desempenho
2) Impactos nos sistemas de Trabalho

E) Revisão e Ajustes Continuos
1) Análise de Dados
2) Revisão de Conteúdos

F) Comunicação e Transparência
1) Relatórios Regulares
2) Transparência"
UGPES,Gestão de Pessoas,"a) há objetivos, indicadores e metas de desempenho para a função (subsistema) de recrutamento e seleção.",Elaborar a Política de Gestão de Pessoas,iESGo - TCU,Elaboração da Política de Gestão de Pessoas da MTI,"
A seguir estão os passos detalhados a  elaboração da Politica de Gestão de Pessoas da  MTI, sendo: 
1 - Elaborar documentação para contratação de serviços de consultoria
Diagnóstico Organizacional
Identificação de Lacunas
Envolvimento dos Stakeholders 
Definição de Objetivos e Metas
Alinhamento Estratégico
SMART Goals 
Prioridades
Desenvolvimento de Indicadores de Desempenho
Revisão e Aprovação
Comunicação e Implementação
Monitoramento e Ajustes Contínuos
Cronograma



"
UGPES,Gestão de Pessoas,d) a organização utiliza mecanismos de transparência ativa para disponibilizar às partes interessadas internas e externas os perfis profissionais definidos para as ocupações de gestão.,Fazer publicação das competências e perfis necessários para os cargos de gestão no portal transparência,iESGo - TCU,Publicação das Competências e Perfis Necessários para os Cargos de Gestão,"
Realizar a publicação das competências e perfis para os cargos de Gestão nos seguintes canais: 

""1) Portal Transprência da MTI
2) Intratnet da MTI
3) Relatórios Anuais e Boletins Informativos """
UGPES,Gestão de Pessoas,"e) há flexibilidade no cumprimento da jornada de trabalho, segundo as características da organização e de cada ocupação.",Acompanhar aprovação e publicação da Portaria de Assiduidade,iESGo - TCU,Acompanhamento da Aprovação e Publicação da Portaria de Assiduidade da MTI,"
Acompanhar o andamento do processo relativo:
1) Desenvolmento da Portaria
2) Consulta e Revisão
3) Aprovação pela Diretoria Executiva
4) Coordenação com a ASSCOM
5) Publicação Oficial
6) Monitoramento e Avalaição"
UGPES,Gestão de Pessoas,f) a organização avalia os resultados obtidos com o(s) programa(s) de qualidade de vida no trabalho.,Avaliar o programa de qualidade de vida,iESGo - TCU,Avaliação do Programa de Qualidade de Vida no Trabalho,"
Avaliar  o programa de qualidade de vida da seguinte forma:
1) Definição de Indicadores e Metas
2) Coleta de Dados
3) Análise de Dados
4) Feedback dos Stakeholders
5) Relatórios de Avaliação
6) Revisão e Melhoria"
UGPES,Gestão de Pessoas,"d) os avaliadores informam aos colaboradores avaliados, antes do ciclo avaliativo, os critérios que serão utilizados para a avaliação de desempenho.",Elaborar novo Regulamento de Avaliação de Desempenho,iESGo - TCU,Revisão do Regulamento de Avaliação de Desempenho da MTI,"
1 - Elaborar documentação para contratação de serviços de consultoria
2 - Elementos essenciais que deverão constar no processo de Revisão do Regulamento de Avaliação de Desempenho
Análise da Estratègia Organizacional
Definição dos Critérios de Avaliação
Consultas e Feedback em DIREX
Desenvolvimento de Novos formatos  de avaliação e metricas 
Apresentação à Dirietoria Executiva 
Publicação
Comunicação a todos os empregados  
Implementação e Monitoramento

"
UGACO,Público Alvo,01 - O desempenho dos fornecedores é avaliado possibilitando o aprimoramento dos procedimentos para novas contratações.,Definir critérios para avaliação de fornecedores possibilitando o aprimoramento dos procedimentos para novas contratações,IMGG - GOV BR,Avaliação especifica do Gestor quanto ao desempenho do fornecedor,Documento especifico acostado ao Contrato
UGACO,Valor Público,01 - Os indicadores de desempenho para medir os resultados relativos aos fornecedores estão definidos.,Instituir indicador de desempenho para medir os resultados relativos aos fornecedores,IMGG - GOV BR,Criar Indicador Operacional,Criar indicador com acompanhamento mensal do desempenho do fornecedor no contrato entre este e a MTI
UGACO,Gestão de Contratações,e)(Novo) a organização divulga o PCA e as eventuais alterações do plano no Portal Nacional de Compras Públicas (PNCP).,Iniciar e monitorar a divulgação das informações no PNCP,iESGo - TCU,Aprimorar o uso do SIAG para enviar dados ao PNCP,Utilizando o sistema SIAG para alimentar o PNCCP
UGACO,Gestão de Contratações,b) os riscos relacionados à gestão de contratações são geridos.,Definir e monitorar os riscos do plano de contratação,iESGo - TCU,Monitoramento e atulização mensal do Plano de Contratações,Definição de ações especificas a cada Contratação afim de cumprir com o Plano de Contratações
UGACO,Gestão de Contratações,"a) foi definido o quantitativo necessário de pessoal da área de contratações ou dos processos de trabalho, com base em critério(s) ou procedimento(s) técnico(s).",Definir e documentar a necessidade real de colaboradores para a Unidade,iESGo - TCU,Programa de Gestão de Competencias,"Levantamento e analise, complementando o Programa de Gestão de Competencias "
UGACO,Gestão de Contratações,a) o processo de transição engloba a identificação e documentação das informações e conhecimentos relevantes ao exercício de funções essenciais à gestão de contratações.,Revisar os mapeamentos de processos e documentos padronizados com necessidade de atualização,iESGo - TCU,Analise de melhorias e correções de mapeamento dos processos e atualizações ou adequações de Checklist,Revisando mapa de processos e Atualização de Checklist atendendo o RLC
UGACO,Gestão de Contratações,a) o processo de transição engloba a identificação e documentação das informações e conhecimentos relevantes ao exercício de funções essenciais à gestão de contratações.,Proporcionar capacitação e disseminação no tema de gestão da contratação,iESGo - TCU,Plano de Capacitações,Cursos e participação de eventos 
UGACO,Gestão de Contratações,"d) a organização exige, nas contratações de obras e serviços de engenharia, que sejam observadas as normas relativas à acessibilidade para pessoas com deficiência ou com mobilidade reduzida.",Definir formas para aplicação da Sustentabilidade,iESGo - TCU,Regulamentação de aplicações de Sustentabilidade,Previsão no RLC/2024 para aplicabilidade da sustentabilidade