PADRÃO,U.A.,CÓDIGO,DATA EFETIVAÇÃO,DATA ÚLTIMA REVISÃO,Nº ÚLTIMA REVISÃO,STATUS,PRAZO VALIDADE,DIAS PARA VENCIMENTO,NA INTRANET?,OBSERVAÇÃO,LINK
Gerir Demanda,UGENE,UGENE/PMP - 0001,04/12/2020,04/12/2020,00,VENCIDO,03/12/2024,-164,SIM,GESTOR NOTIFICADO VIA EMAIL,cutt.ly/UbcVq6r
Gerir Contratos,UGACO,UGACO/PMP - 0001,30/08/2018,30/08/2018,00,VENCIDO,29/08/2022,-991,SIM,EM REVISÃO,cutt.ly/snwYf1g
Emitir Nota Fiscal de Faturamento,UGOFF,GFAC/POP - 0001,04/06/2020,04/06/2020,00,VENCIDO,03/06/2024,-347,SIM,GESTOR NOTIFICADO VIA EMAIL,cutt.ly/uge3Aqr
Gerir manifestações de Ouvidoria,OUVIDORIA,OUVIDORIA/PMP – 001,16/03/2021,01/08/2024,01,VÁLIDO,31/07/2028,1172,SIM,OK,https://x.gd/SH7Mn 
Regulamento de Padronização,UGGOV,UGGOV/REG - 0001,13/03/2000,15/04/2025,08,VÁLIDO,14/04/2029,1429,SIM,OK,https://x.gd/RQ34h
Regulamento de Gerenciamento de Processos,UGGOV,UGGOV/REG - 0002,13/03/2000,15/04/2025,05,VÁLIDO,14/04/2029,1429,SIM,OK,https://x.gd/Y6aHB
Regulamento de Planejamento Estratégico,UGGOV,UGGOV/REG - 0003,15/07/2016,15/04/2025,07,VÁLIDO,14/04/2029,1429,SIM,OK,https://x.gd/snbHc
Manual de Treinamento para Modelagem de Processos com Bizagi,UGGOV,UGGOV/MTR - 0001,20/08/2018,22/10/2023,02,VÁLIDO,21/10/2027,888,SIM,OK,     https://cutt.ly/W1OF7Og
Política de Gestão Integrada de Riscos Corporativos,UNICRS,MTI/POL - 0002,05/12/2016,04/08/2021,01,VÁLIDO,03/08/2025,79,SIM,OK,https://x.gd/DaFoS
Regulamento da Gestão Integrada de Riscos Corporativos,UNICRS,UNICRS/REG - 0001,05/12/2016,04/08/2021,01,VÁLIDO,03/08/2025,79,SIM,OK,https://cutt.ly/zJx6dIV
Manual de Referência em Segurança da Informação,UNICRS,UNICRS/Manual - 01,31/12/2024,31/12/2024,00,VÁLIDO,30/12/2028,1324,SIM,OK,https://x.gd/Y9PEb
Manual de Sistema da Gestão Integrada de Riscos Corporativos,UNICRS,UNICRS/MSI - 0001,05/12/2016,04/08/2021,01,VÁLIDO,03/08/2025,79,SIM,OK,https://cutt.ly/MJcqzCK
Regulamento de Capacitação Profissional,UGPES,UGPES/REG - 0003,26/11/2004,31/10/2022,04,VÁLIDO,30/10/2026,532,SIM,OK,https://x.gd/U6Ckw
Regulamento de Licitações e Contratos,UGACO,UGACO/REG - 0001,25/06/2018,03/11/2021,04,VÁLIDO,02/11/2025,170,SIM,OK,https://x.gd/NiXz8
Regulamento de Sistema de Comunicação da MTI,ASSCOM,ASSCOM/REG - 0001,06/09/2024,06/09/2024,00,VÁLIDO,05/09/2028,1208,SIM,OK,https://x.gd/aONqz
Disseminar a Cultura de Planejamento,UGGOV,UGGOV/PMP - 0001,02/10/2017,27/09/2024,02,VÁLIDO,26/09/2028,1229,SIM,OK,https://x.gd/GodFT
Monitorar Plano de Trabalho Anual - PTA,UGGOV,UGGOV/PMP - 0005,11/04/2018,23/09/2024,02,VÁLIDO,22/09/2028,1225,SIM,OK,https://x.gd/H7di3
Gerenciar Processo de Padronização,UGGOV,UGGOV/PMP - 0003,22/01/2018,03/05/2022,01,VÁLIDO,02/05/2026,351,SIM,OK,https://cutt.ly/oJceQz2
Gerenciar Processos de Negócio,UGGOV,GEPC/PMP - 0001,20/08/2018,23/08/2022,01,VÁLIDO,22/08/2026,463,SIM,OK,https://cutt.ly/H1OYQqr
Coordenar a Elaboração da Estratégia de Longo Prazo,UGGOV,UGGOV/PMP - 0007,05/12/2019,20/09/2024,02,VÁLIDO,19/09/2028,1222,SIM,OK,https://x.gd/2Sinz
Coordenar a Elaboração e Revisão do PPA,UGGOV,UGGOV/PMP - 0008,05/12/2019,18/09/2024,03,VÁLIDO,17/09/2028,1220,SIM,OK,https://x.gd/nvIdb
Coordenar a Elaboração do PTA,UGGOV,UGGOV/PMP - 0004,01/02/2018,23/09/2024,03,VÁLIDO,22/09/2028,1225,SIM,OK,https://x.gd/T9obq
Coordenar a Elaboração do Relatório de Ação Governamental - RAG,UGGOV,UGGOV/PMP - 0002,02/10/2017,18/09/2024,02,VÁLIDO,17/09/2028,1220,SIM,OK,https://x.gd/jtWpt
Gerir Reuniões Sistemáticas,GADP,GADP/PMP - 0001,22/02/2018,29/08/2022,01,VÁLIDO,28/08/2026,469,SIM,OK,  https://cutt.ly/01OPl6N
"Verificar a conformidade dos procedimentos relativos aos processos dos sistemas de planejamento e orçamento financeiro, contábil, patrimônio e serviços, Aquisições, Gestão de pessoas e outros realizados pelos órgãos ou entidades vinculadas",UNISECI,UNISECI/PMP - 0001,21/08/2019,01/10/2024,01,VÁLIDO,30/09/2028,1233,SIM,OK,https://x.gd/qt8h8
Acompanhar a implementação das recomendações emitidas pelos órgãos de controle interno e externo por meio dos planos de providências do controle interno PPCI,UNISECI,UNISECI/PMP - 0003,21/11/2019,01/10/2024,01,VÁLIDO,30/09/2028,1233,SIM,OK,https://x.gd/5H3VR
Supervisionar e auxiliar as unidades executoras na elaboração de respostas aos relatórios de auditorias externas,UNISECI,UNISECI/PMP - 0002,21/11/2019,01/10/2024,01,VÁLIDO,30/09/2028,1233,SIM,OK,https://x.gd/feSTm
Gerir Termo de Cessão,UGPES,GPMM/PMP - 0001,30/08/2018,11/03/2024,02,VÁLIDO,10/03/2028,1029,SIM,OK,https://x.gd/IU0Bq
Gerir Escala de Férias,UGPES,UGPES/PMP - 0001,22/10/2019,16/04/2024,01,VÁLIDO,15/04/2028,1065,SIM,OK,https://x.gd/LQmvP 
Monitorar a Concessão e Gozo da Licença Prêmio,UGPES,GEMM/PMP - 0003,26/11/2019,24/05/2021,01,VÁLIDO,23/05/2025,7,SIM,OK,cutt.ly/ZmOSmCo
Gerenciar Processo de Negociação de Acordo Coletivo de Trabalho,UGPES,UGPES/PMP - 0002,03/08/2020,04/02/2025,00,VÁLIDO,03/02/2029,1359,SIM,OK,https://x.gd/irhss
Elaborar relatório de gestão da Ouvidoria,OUVIDORIA,OUVIDORIA/PMP – 002,01/05/2021,01/08/2024,01,VÁLIDO,31/07/2028,1172,SIM,OK,https://x.gd/aPTNN 
Gerir Rubricas de Folha de Pagamento,UGPES,GEMM/PMP - 0006,09/12/2020,03/02/2025,00,VÁLIDO,02/02/2029,1358,SIM,OK,https://x.gd/o4fIT
Manter o PTA Gerencial Monitorado,UGGOV,UGGOV/POP - 0001,25/09/2020,16/09/2024,01,VÁLIDO,15/09/2028,1218,SIM,OK,https://x.gd/RgKQZ
Manter Cadastro no Sistema “GAT”,UGGOV,UGGOV/POP - 0002,25/09/2020,16/09/2024,01,VÁLIDO,15/09/2028,1218,SIM,OK,https://x.gd/50ewL
Manter cadastro de Usuário no Sistema “Monitora”,UGGOV,UGGOV/POP - 0003,25/09/2020,16/09/2024,01,VÁLIDO,15/09/2028,1218,SIM,OK,https://x.gd/u7rDW
Gerir Aquisição de Capacitação,UGPES,UGPES/POP - 0001,30/06/2016,17/08/2022,01,VÁLIDO,16/08/2026,457,SIM,OK,https://x.gd/7DFFk
Gerir Inovação,UGEIP,UGEIN/PMP - 0001,20/10/2021,20/10/2021,00,VÁLIDO,19/10/2025,156,SIM,OK,cutt.ly/OT8yn0Z
"Alimentar, Monitorar, Acompanhar e Disponibilizar Informações",OUVIDORIA,OUVIDORIA/PMP – 003,28/02/2022,07/05/2024,00,VÁLIDO,06/05/2028,1086,SIM,OK,https://cutt.ly/KKGo0uQ
Disseminar normas de transparência e ouvidoria,OUVIDORIA,OUVIDORIA/PMP – 004,14/04/2022,24/05/2024,00,VÁLIDO,23/05/2028,1103,SIM,OK,https://cutt.ly/xKGo85x
Coordenar Avaliação de Ouvidoria e Transparência,OUVIDORIA,OUVIDORIA/PMP – 005,13/05/2025,13/05/2025,00,VÁLIDO,12/05/2029,1457,SIM,OK,
Gerir Pagamento de Despesas,UGOFF,GCOC/PMP - 0001,09/05/2022,09/05/2022,00,VÁLIDO,08/05/2026,357,SIM,OK,https://cutt.ly/YK7Dhn7
Controlar Entregas de Declaração de IR,UGPES,GEMM/PMP - 0002,20/08/2021,20/08/2021,00,VÁLIDO,19/08/2025,95,SIM,OK,https://cutt.ly/ZK7DR2h
Regulamento Regime de Sobreaviso no Ambito da MTI,UGPES,UGPES/REG - 0004,28/06/2022,28/06/2022,00,VÁLIDO,27/06/2026,407,SIM,OK,https://cutt.ly/WK7DH00
Política de Recebimento de Brindes e Presentes,UNICRS,MTI/POL - 008,16/08/2021,16/08/2021,00,VÁLIDO,15/08/2025,91,SIM,OK,https://cutt.ly/1JnyI4b
Política de Prevenção de Conflito de Interesses,UNICRS,MTI/POL - 006,16/08/2021,16/08/2021,00,VÁLIDO,15/08/2025,91,SIM,OK,https://cutt.ly/bJnyNeM
Política de Participação em Eventos Externos,UNICRS,MTI/POL - 007,16/08/2021,16/08/2021,00,VÁLIDO,15/08/2025,91,SIM,OK,https://cutt.ly/UJnui8L
Solicitar Capacitação,UGPES,GACD/PMP - 0004,17/08/2022,17/08/2022,00,VÁLIDO,16/08/2026,457,SIM,OK,https://x.gd/CD52o
Regulamento de Integração de Novos Servidores,UGPES,UGPES/REG - 0005,11/01/2023,11/01/2023,00,VÁLIDO,10/01/2027,604,SIM,OK,https://x.gd/bpJaz
Integrar Novos Colaboradores,UGPES,UGPES/POP - 0002,11/01/2023,11/01/2023,00,VÁLIDO,10/01/2027,604,SIM,OK,https://x.gd/f4eIM
Gerir Investigação Preliminar Sumária,GADP,GADP/PMP - 0002,15/12/2022,15/12/2022,00,VÁLIDO,14/12/2026,577,SIM,OK,https://x.gd/O0T6G
Solicitar Modalidade de Teletrabalho - UGPES,UGPES,UGPES/POP - 0003,02/05/2023,02/05/2023,00,VÁLIDO,01/05/2027,715,SIM,OK,https://x.gd/RCVvZ
Monitorar A Quantidade De Movimentações Por Unidade Organizacional,UGPES,UGPES/POP - 0004,01/11/2023,01/11/2023,00,VÁLIDO,01/11/2027,899,SIM,OK,https://x.gd/EAlLV 
Gerir Escala de Férias,UGPES,UGPES/POP - 0009,15/04/2024,15/04/2024,09,VÁLIDO,14/04/2028,1064,SIM,OK,https://x.gd/ZCavA 
Gerir Cadastro de Atestado Médico Ocupacional,UGPES,UGPES/POP - 0010,15/04/2024,15/04/2024,01,VÁLIDO,14/04/2028,1064,SIM,OK,https://x.gd/7yUEV
EXCLUIR EMPREGADO DO TERMO DE CESSÃO,UGPES,UGPES/POP - 0006,11/03/2024,11/03/2024,00,VÁLIDO,10/03/2028,1029,SIM,OK,https://x.gd/dfqbn
BLOQUEAR ACESSOS EMPREGADOS DE FÉRIAS E LICENÇAS ,UGPES,UGPES/POP - 0007,11/03/2024,11/03/2024,00,VÁLIDO,10/03/2028,1029,SIM,OK,https://x.gd/Duv4q 
ELABORAR TERMO DE CESSÃO,UGPES,UGPES/POP - 0008,11/03/2024,11/03/2024,00,VÁLIDO,10/03/2028,1029,SIM,OK,https://x.gd/7rj5z
Realizar Remessa de Documentos de Concursos e Processos Seletivos no APLIC,UGPES,UGPES/PMP - 0002,09/04/2024,09/04/2024,00,VÁLIDO,08/04/2028,1058,SIM,OK,https://x.gd/G6kta 
Gerir Folha de Pagamento Processada,UGPES,UGPES/POP - 0011,12/06/2024,12/06/2024,00,VÁLIDO,11/06/2028,1122,SIM,OK,https://x.gd/3S0Rl 
"Gerenciar Plano de Saúde, Médico, Hospitalar e Odontológico",UGPES,GACD/POP - 0011,17/05/2024,17/05/2024,00,VÁLIDO,16/05/2028,1096,SIM,OK,https://x.gd/ZwSfI 
Coordenar Avaliação da Gestão do Instrumento iESGo,UGGOV,UGGOV/PMP - 0009,24/09/2024,24/09/2024,00,VÁLIDO,23/09/2028,1226,SIM,OK,https://x.gd/awb89
Coordenar Avaliação da Gestão do Instrumento IMGG,UGGOV,UGGOV/PMP - 0010,24/09/2024,24/09/2024,00,VÁLIDO,23/09/2028,1226,SIM,OK,https://x.gd/yO8GX
Gerir Atualização da Carta de Serviços,UGGOV,UGGOV/POP - 0004,24/09/2024,24/09/2024,00,VÁLIDO,23/09/2028,1226,SIM,OK,https://x.gd/l9Y3a
Gerir Transmissão de informações nas sucessões da alta administração,UGGOV,UGGOV/POP - 0005,24/09/2024,24/09/2024,00,VÁLIDO,23/09/2028,1226,SIM,OK,https://x.gd/UzD0a
Gerir Pagamento Tercerizados,UGPES,UGPES/POP - 0012,03/02/2025,03/02/2025,00,VÁLIDO,02/02/2029,1358,SIM,OK,https://x.gd/Q5PHA
Gerir Pagamento Convênio Farmácia,UGPES,UGPES/POP - 0013,08/11/2024,08/11/2024,00,VÁLIDO,07/11/2028,1271,SIM,OK,https://x.gd/EVuAZ
Gerir Pagamento Estagiários,UGPES,UGPES/POP - 0014,03/02/2025,03/02/2025,00,VÁLIDO,02/02/2029,1358,SIM,OK,https://x.gd/ymjsH
Gerir Pagamento Equipe Assistência Médica ,UGPES,UGPES/POP - 0015,08/11/2024,08/11/2024,00,VÁLIDO,07/11/2028,1271,SIM,OK,https://x.gd/ctfBW
Gerir Pagamento Convênio Odontológico,UGPES,UGPES/POP - 0016,08/11/2024,08/11/2024,00,VÁLIDO,07/11/2028,1271,SIM,OK,https://x.gd/Rfm5x
Gerir Pagamento Vale Transporte,UGPES,UGPES/POP - 0017,08/11/2024,08/11/2024,00,VÁLIDO,07/11/2028,1271,SIM,OK,https://x.gd/EhZ5D
Gerir Pagamento Empresa de Saúde - Mensalidade ,UGPES,UGPES/POP - 0018,08/11/2024,08/11/2024,00,VÁLIDO,07/11/2028,1271,SIM,OK,https://x.gd/GzT0i
Gerir Pagamento de Empresas Conveniadas Alimentação,UGPES,UGPES/POP - 0019,08/11/2024,08/11/2024,00,VÁLIDO,07/11/2028,1271,SIM,OK,https://x.gd/bdZVD
Gerir Pagamento Elofy,UGPES,UGPES/POP - 0023,03/02/2025,03/02/2025,00,VÁLIDO,02/02/2029,1358,SIM,OK,https://x.gd/KoA2E
Fazer a Gestão da Integridade,UNICRS,UNICRS/PMP - 0002,30/09/2024,30/09/2024,00,VÁLIDO,29/09/2028,1232,SIM,OK,https://x.gd/KIi9n
Fazer Gestão de Riscos,UNICRS,UNICRS/PMP - 0003,30/09/2024,30/09/2024,00,VÁLIDO,29/09/2028,1232,SIM,OK,https://x.gd/J1cyb
Fazer Gestão dos Instrumentos Normativos de Segurança da Informação,UNICRS,UNICRS/PMP - 0001,30/09/2024,30/09/2024,00,VÁLIDO,29/09/2028,1232,SIM,OK,https://x.gd/w0ZKh
Gerir Progressão Antiguidade,UGPES,UGPES/POP - 0020,06/02/2025,06/02/2025,00,VÁLIDO,05/02/2029,1361,SIM,OK,https://x.gd/dKJxU
Gerir Progressão De Classe,UGPES,UGPES/POP - 0021,06/02/2025,06/02/2025,00,VÁLIDO,05/02/2029,1361,SIM,OK,https://x.gd/4ugva
Gerir Progressão Por Merecimento,UGPES,UGPES/POP - 0022,06/02/2025,06/02/2025,00,VÁLIDO,05/02/2029,1361,SIM,OK,https://x.gd/Lx2QC
Gerir Controles Internos,UNISECI,UNISECI/PMP - 0004,14/04/2025,14/04/2025,00,VÁLIDO,13/04/2029,1428,SIM,OK,https://x.gd/rd5Ij 
"Disseminar normas, padrões e canais de atendimento da Ouvidoria e Transparência",OUVIDORIA,OUVIDORIA/POP – 001,14/05/2025,14/05/2025,00,VÁLIDO,13/05/2029,1458,SIM,OK,
Elaborar Relatório Estatístico da Carta de Serviços,OUVIDORIA,OUVIDORIA/POP – 002,14/05/2025,14/05/2025,00,VÁLIDO,13/05/2029,1458,SIM,OK,
Elaborar Relatório Estatístico dos Pedidos de Acesso à Informação,OUVIDORIA,OUVIDORIA/POP – 003,14/05/2025,14/05/2025,00,VÁLIDO,13/05/2029,1458,SIM,OK,
Monitorar Canal de Denúncias,OUVIDORIA,OUVIDORIA/POP – 004,14/05/2025,14/05/2025,00,VÁLIDO,13/05/2029,1458,SIM,OK,